user_id,user_name,user_email,registration_date
1,User1,user1@example.com,2025-01-16
2,User2,user2@example.com,2023-06-28
3,User3,user3@example.com,2023-04-28
4,User4,user4@example.com,2023-12-17
5,User5,user5@example.com,2025-01-04
6,User6,user6@example.com,2024-11-09
7,User7,user7@example.com,2024-11-20
8,User8,user8@example.com,2024-05-09
9,User9,user9@example.com,2023-08-20
10,User10,user10@example.com,2023-05-24
11,User11,user11@example.com,2024-06-09
12,User12,user12@example.com,2023-08-12
13,User13,user13@example.com,2023-03-22
14,User14,user14@example.com,2023-10-24
15,User15,user15@example.com,2024-02-18
16,User16,user16@example.com,2023-10-01
17,User17,user17@example.com,2024-05-04
18,User18,user18@example.com,2023-04-22
19,User19,user19@example.com,2023-09-05
20,User20,user20@example.com,2023-12-27
21,User21,user21@example.com,2024-01-05
22,User22,user22@example.com,2024-02-05
23,User23,user23@example.com,2024-06-30
24,User24,user24@example.com,2023-10-01
25,User25,user25@example.com,2023-09-14
26,User26,user26@example.com,2024-08-09
27,User27,user27@example.com,2023-11-17
28,User28,user28@example.com,2023-10-27
29,User29,user29@example.com,2023-05-29
30,User30,user30@example.com,2023-08-25
31,User31,user31@example.com,2023-12-04
32,User32,user32@example.com,2024-01-01
33,User33,user33@example.com,2024-10-14
34,User34,user34@example.com,2024-04-30
35,User35,user35@example.com,2023-08-15
36,User36,user36@example.com,2023-07-06
37,User37,user37@example.com,2024-01-21
38,User38,user38@example.com,2024-08-05
39,User39,user39@example.com,2024-03-28
40,User40,user40@example.com,2024-03-16
41,User41,user41@example.com,2024-02-16
42,User42,user42@example.com,2024-03-18
43,User43,user43@example.com,2023-05-02
44,User44,user44@example.com,2024-12-22
45,User45,user45@example.com,2023-05-31
46,User46,user46@example.com,2024-01-23
47,User47,user47@example.com,2024-10-02
48,User48,user48@example.com,2024-09-18
49,User49,user49@example.com,2024-06-03
50,User50,user50@example.com,2024-08-20
